pair	system	id	is_constrained	metric	score
cs-uk	CUNI-Transformer	64	True	bleu-all	30.18356437285921
cs-uk	CUNI-Transformer	64	True	chrf-all	57.44818545838475
cs-uk	CUNI-Transformer	64	True	bleu-refA	30.18356437285921
cs-uk	CUNI-Transformer	64	True	chrf-refA	57.44818545838475
cs-uk	ONLINE-Y	379	False	bleu-all	24.20796144374109
cs-uk	ONLINE-Y	379	False	chrf-all	53.40449620867456
cs-uk	ONLINE-Y	379	False	bleu-refA	24.20796144374109
cs-uk	ONLINE-Y	379	False	chrf-refA	53.40449620867456
cs-uk	CUNI-GA	261	True	bleu-all	29.500797364257565
cs-uk	CUNI-GA	261	True	chrf-all	57.92983499476213
cs-uk	CUNI-GA	261	True	bleu-refA	29.500797364257565
cs-uk	CUNI-GA	261	True	chrf-refA	57.92983499476213
cs-uk	ONLINE-W	405	False	bleu-all	26.751420308600956
cs-uk	ONLINE-W	405	False	chrf-all	55.02903180265689
cs-uk	ONLINE-W	405	False	bleu-refA	26.751420308600956
cs-uk	ONLINE-W	405	False	chrf-refA	55.02903180265689
cs-uk	GPT4-5shot	393	False	bleu-all	32.75974184931291
cs-uk	GPT4-5shot	393	False	chrf-all	60.96496451832441
cs-uk	GPT4-5shot	393	False	bleu-refA	32.75974184931291
cs-uk	GPT4-5shot	393	False	chrf-refA	60.96496451832441
cs-uk	NLLB_Greedy	323	False	bleu-all	24.92971368853127
cs-uk	NLLB_Greedy	323	False	chrf-all	52.52476502118706
cs-uk	NLLB_Greedy	323	False	bleu-refA	24.92971368853127
cs-uk	NLLB_Greedy	323	False	chrf-refA	52.52476502118706
cs-uk	ONLINE-G	365	False	bleu-all	24.83152284923729
cs-uk	ONLINE-G	365	False	chrf-all	53.654982074022726
cs-uk	ONLINE-G	365	False	bleu-refA	24.83152284923729
cs-uk	ONLINE-G	365	False	chrf-refA	53.654982074022726
cs-uk	MUNI-NLP	283	True	bleu-all	28.344012838094926
cs-uk	MUNI-NLP	283	True	chrf-all	56.952313932323115
cs-uk	MUNI-NLP	283	True	bleu-refA	28.344012838094926
cs-uk	MUNI-NLP	283	True	chrf-refA	56.952313932323115
cs-uk	ONLINE-B	351	False	bleu-all	25.721318553669036
cs-uk	ONLINE-B	351	False	chrf-all	54.729516161285005
cs-uk	ONLINE-B	351	False	bleu-refA	25.721318553669036
cs-uk	ONLINE-B	351	False	chrf-refA	54.729516161285005
cs-uk	Lan-BridgeMT	187	False	bleu-all	27.459919204807832
cs-uk	Lan-BridgeMT	187	False	chrf-all	55.71193626460814
cs-uk	Lan-BridgeMT	187	False	bleu-refA	27.459919204807832
cs-uk	Lan-BridgeMT	187	False	chrf-refA	55.71193626460814
cs-uk	NLLB_MBR_BLEU	308	False	bleu-all	25.12404920920366
cs-uk	NLLB_MBR_BLEU	308	False	chrf-all	52.253769548374926
cs-uk	NLLB_MBR_BLEU	308	False	bleu-refA	25.12404920920366
cs-uk	NLLB_MBR_BLEU	308	False	chrf-refA	52.253769548374926
cs-uk	ONLINE-A	337	False	bleu-all	25.412745071358383
cs-uk	ONLINE-A	337	False	chrf-all	54.41151807547001
cs-uk	ONLINE-A	337	False	bleu-refA	25.412745071358383
cs-uk	ONLINE-A	337	False	chrf-refA	54.41151807547001
cs-uk	GTCOM_Peter	257	False	bleu-all	29.806543742233934
cs-uk	GTCOM_Peter	257	False	chrf-all	57.57907212663112
cs-uk	GTCOM_Peter	257	False	bleu-refA	29.806543742233934
cs-uk	GTCOM_Peter	257	False	chrf-refA	57.57907212663112
de-en	ONLINE-Y	380	False	bleu-all	43.92890886853397
de-en	ONLINE-Y	380	False	chrf-all	68.35631187179729
de-en	ONLINE-Y	380	False	bleu-refA	43.92890886853397
de-en	ONLINE-Y	380	False	chrf-refA	68.35631187179729
de-en	ZengHuiMT	95	False	bleu-all	40.771583301306585
de-en	ZengHuiMT	95	False	chrf-all	67.59242924244847
de-en	ZengHuiMT	95	False	bleu-refA	40.771583301306585
de-en	ZengHuiMT	95	False	chrf-refA	67.59242924244847
de-en	AIRC	123	True	bleu-all	32.35148698594663
de-en	AIRC	123	True	chrf-all	57.21259362278398
de-en	AIRC	123	True	bleu-refA	32.35148698594663
de-en	AIRC	123	True	chrf-refA	57.21259362278398
de-en	ONLINE-W	406	False	bleu-all	51.76456278978674
de-en	ONLINE-W	406	False	chrf-all	72.06793090785601
de-en	ONLINE-W	406	False	bleu-refA	51.76456278978674
de-en	ONLINE-W	406	False	chrf-refA	72.06793090785601
de-en	GPT4-5shot	394	False	bleu-all	47.87291473242058
de-en	GPT4-5shot	394	False	chrf-all	69.84498226513047
de-en	GPT4-5shot	394	False	bleu-refA	47.87291473242058
de-en	GPT4-5shot	394	False	chrf-refA	69.84498226513047
de-en	NLLB_Greedy	324	False	bleu-all	33.14027329766985
de-en	NLLB_Greedy	324	False	chrf-all	57.25974554270869
de-en	NLLB_Greedy	324	False	bleu-refA	33.14027329766985
de-en	NLLB_Greedy	324	False	chrf-refA	57.25974554270869
de-en	ONLINE-G	366	False	bleu-all	45.99137346363894
de-en	ONLINE-G	366	False	chrf-all	69.10263899881292
de-en	ONLINE-G	366	False	bleu-refA	45.99137346363894
de-en	ONLINE-G	366	False	chrf-refA	69.10263899881292
de-en	ONLINE-M	415	False	bleu-all	41.32952821465103
de-en	ONLINE-M	415	False	chrf-all	66.46401446979982
de-en	ONLINE-M	415	False	bleu-refA	41.32952821465103
de-en	ONLINE-M	415	False	chrf-refA	66.46401446979982
de-en	ONLINE-B	352	False	bleu-all	46.33166470035551
de-en	ONLINE-B	352	False	chrf-all	69.13666613461893
de-en	ONLINE-B	352	False	bleu-refA	46.33166470035551
de-en	ONLINE-B	352	False	chrf-refA	69.13666613461893
de-en	Lan-BridgeMT	171	False	bleu-all	42.05531054856865
de-en	Lan-BridgeMT	171	False	chrf-all	66.7019510387048
de-en	Lan-BridgeMT	171	False	bleu-refA	42.05531054856865
de-en	Lan-BridgeMT	171	False	chrf-refA	66.7019510387048
de-en	NLLB_MBR_BLEU	309	False	bleu-all	32.36326277401236
de-en	NLLB_MBR_BLEU	309	False	chrf-all	57.628642047957456
de-en	NLLB_MBR_BLEU	309	False	bleu-refA	32.36326277401236
de-en	NLLB_MBR_BLEU	309	False	chrf-refA	57.628642047957456
de-en	ONLINE-A	338	False	bleu-all	47.86900413295061
de-en	ONLINE-A	338	False	chrf-all	70.0046934844254
de-en	ONLINE-A	338	False	bleu-refA	47.86900413295061
de-en	ONLINE-A	338	False	chrf-refA	70.0046934844254
de-en	GTCOM_Peter	243	False	bleu-all	42.237786925441526
de-en	GTCOM_Peter	243	False	chrf-all	66.58408212050048
de-en	GTCOM_Peter	243	False	bleu-refA	42.237786925441526
de-en	GTCOM_Peter	243	False	chrf-refA	66.58408212050048
en-cs	CUNI-Transformer	54	True	bleu-all	41.44079453455802
en-cs	CUNI-Transformer	54	True	chrf-all	63.92717955956259
en-cs	CUNI-Transformer	54	True	bleu-refA	41.44079453455802
en-cs	CUNI-Transformer	54	True	chrf-refA	63.92717955956259
en-cs	ONLINE-Y	369	False	bleu-all	40.7593154328328
en-cs	ONLINE-Y	369	False	chrf-all	64.5617646676028
en-cs	ONLINE-Y	369	False	bleu-refA	40.7593154328328
en-cs	ONLINE-Y	369	False	chrf-refA	64.5617646676028
en-cs	CUNI-GA	232	True	bleu-all	43.267858190487985
en-cs	CUNI-GA	232	True	chrf-all	65.89284040239788
en-cs	CUNI-GA	232	True	bleu-refA	43.267858190487985
en-cs	CUNI-GA	232	True	chrf-refA	65.89284040239788
en-cs	ZengHuiMT	222	False	bleu-all	43.10899280867874
en-cs	ZengHuiMT	222	False	chrf-all	67.50277795238773
en-cs	ZengHuiMT	222	False	bleu-refA	43.10899280867874
en-cs	ZengHuiMT	222	False	chrf-refA	67.50277795238773
en-cs	CUNI-DocTransformer	56	True	bleu-all	42.46802173093265
en-cs	CUNI-DocTransformer	56	True	chrf-all	65.13620815717552
en-cs	CUNI-DocTransformer	56	True	bleu-refA	42.46802173093265
en-cs	CUNI-DocTransformer	56	True	chrf-refA	65.13620815717552
en-cs	ONLINE-W	397	False	bleu-all	59.436518912388884
en-cs	ONLINE-W	397	False	chrf-all	76.26085694095836
en-cs	ONLINE-W	397	False	bleu-refA	59.436518912388884
en-cs	ONLINE-W	397	False	chrf-refA	76.26085694095836
en-cs	GPT4-5shot	383	False	bleu-all	37.7577960620822
en-cs	GPT4-5shot	383	False	chrf-all	62.25838514931045
en-cs	GPT4-5shot	383	False	bleu-refA	37.7577960620822
en-cs	GPT4-5shot	383	False	chrf-refA	62.25838514931045
en-cs	NLLB_Greedy	312	False	bleu-all	35.850449561357614
en-cs	NLLB_Greedy	312	False	chrf-all	59.96237907131488
en-cs	NLLB_Greedy	312	False	bleu-refA	35.850449561357614
en-cs	NLLB_Greedy	312	False	chrf-refA	59.96237907131488
en-cs	ONLINE-G	355	False	bleu-all	39.614531355931625
en-cs	ONLINE-G	355	False	chrf-all	63.71111141423614
en-cs	ONLINE-G	355	False	bleu-refA	39.614531355931625
en-cs	ONLINE-G	355	False	chrf-refA	63.71111141423614
en-cs	ONLINE-M	408	False	bleu-all	39.60388797033107
en-cs	ONLINE-M	408	False	chrf-all	63.17489957473622
en-cs	ONLINE-M	408	False	bleu-refA	39.60388797033107
en-cs	ONLINE-M	408	False	chrf-refA	63.17489957473622
en-cs	ONLINE-B	341	False	bleu-all	50.08691242079982
en-cs	ONLINE-B	341	False	chrf-all	70.4388583370179
en-cs	ONLINE-B	341	False	bleu-refA	50.08691242079982
en-cs	ONLINE-B	341	False	chrf-refA	70.4388583370179
en-cs	Lan-BridgeMT	181	False	bleu-all	40.71816959056765
en-cs	Lan-BridgeMT	181	False	chrf-all	63.81598304510422
en-cs	Lan-BridgeMT	181	False	bleu-refA	40.71816959056765
en-cs	Lan-BridgeMT	181	False	chrf-refA	63.81598304510422
en-cs	NLLB_MBR_BLEU	298	False	bleu-all	35.09600489814162
en-cs	NLLB_MBR_BLEU	298	False	chrf-all	59.12257241987868
en-cs	NLLB_MBR_BLEU	298	False	bleu-refA	35.09600489814162
en-cs	NLLB_MBR_BLEU	298	False	chrf-refA	59.12257241987868
en-cs	ONLINE-A	327	False	bleu-all	43.395772044321895
en-cs	ONLINE-A	327	False	chrf-all	66.33284021368662
en-cs	ONLINE-A	327	False	bleu-refA	43.395772044321895
en-cs	ONLINE-A	327	False	chrf-refA	66.33284021368662
en-cs	GTCOM_Peter	236	False	bleu-all	42.25342583082976
en-cs	GTCOM_Peter	236	False	chrf-all	65.35846884107211
en-cs	GTCOM_Peter	236	False	bleu-refA	42.25342583082976
en-cs	GTCOM_Peter	236	False	chrf-refA	65.35846884107211
en-de	ONLINE-Y	381	False	bleu-all	43.57366481917451
en-de	ONLINE-Y	381	False	chrf-all	69.14965317428108
en-de	ONLINE-Y	381	False	bleu-refA	43.57366481917451
en-de	ONLINE-Y	381	False	chrf-refA	69.14965317428108
en-de	ZengHuiMT	96	False	bleu-all	40.486007714000806
en-de	ZengHuiMT	96	False	chrf-all	69.40433051006329
en-de	ZengHuiMT	96	False	bleu-refA	40.486007714000806
en-de	ZengHuiMT	96	False	chrf-refA	69.40433051006329
en-de	AIRC	249	True	bleu-all	26.481713198759184
en-de	AIRC	249	True	chrf-all	52.19217212848848
en-de	AIRC	249	True	bleu-refA	26.481713198759184
en-de	AIRC	249	True	chrf-refA	52.19217212848848
en-de	ONLINE-W	407	False	bleu-all	47.81528524748817
en-de	ONLINE-W	407	False	chrf-all	71.81859078206848
en-de	ONLINE-W	407	False	bleu-refA	47.81528524748817
en-de	ONLINE-W	407	False	chrf-refA	71.81859078206848
en-de	GPT4-5shot	395	False	bleu-all	43.58659541951087
en-de	GPT4-5shot	395	False	chrf-all	69.11478500109838
en-de	GPT4-5shot	395	False	bleu-refA	43.58659541951087
en-de	GPT4-5shot	395	False	chrf-refA	69.11478500109838
en-de	NLLB_Greedy	325	False	bleu-all	31.08203127223248
en-de	NLLB_Greedy	325	False	chrf-all	56.22300592331278
en-de	NLLB_Greedy	325	False	bleu-refA	31.08203127223248
en-de	NLLB_Greedy	325	False	chrf-refA	56.22300592331278
en-de	ONLINE-G	367	False	bleu-all	43.20433509195999
en-de	ONLINE-G	367	False	chrf-all	68.95571837964025
en-de	ONLINE-G	367	False	bleu-refA	43.20433509195999
en-de	ONLINE-G	367	False	chrf-refA	68.95571837964025
en-de	ONLINE-M	416	False	bleu-all	40.511647050636164
en-de	ONLINE-M	416	False	chrf-all	66.90900539985873
en-de	ONLINE-M	416	False	bleu-refA	40.511647050636164
en-de	ONLINE-M	416	False	chrf-refA	66.90900539985873
en-de	ONLINE-B	353	False	bleu-all	42.71888232108143
en-de	ONLINE-B	353	False	chrf-all	69.10902859504885
en-de	ONLINE-B	353	False	bleu-refA	42.71888232108143
en-de	ONLINE-B	353	False	chrf-refA	69.10902859504885
en-de	Lan-BridgeMT	175	False	bleu-all	39.421518269078625
en-de	Lan-BridgeMT	175	False	chrf-all	66.11832376610862
en-de	Lan-BridgeMT	175	False	bleu-refA	39.421518269078625
en-de	Lan-BridgeMT	175	False	chrf-refA	66.11832376610862
en-de	NLLB_MBR_BLEU	310	False	bleu-all	29.571149655298246
en-de	NLLB_MBR_BLEU	310	False	chrf-all	55.38657429322892
en-de	NLLB_MBR_BLEU	310	False	bleu-refA	29.571149655298246
en-de	NLLB_MBR_BLEU	310	False	chrf-refA	55.38657429322892
en-de	ONLINE-A	339	False	bleu-all	43.68959884151799
en-de	ONLINE-A	339	False	chrf-all	69.72734981272592
en-de	ONLINE-A	339	False	bleu-refA	43.68959884151799
en-de	ONLINE-A	339	False	chrf-refA	69.72734981272592
en-he	ONLINE-Y	371	False	bleu-all	37.18865602508066
en-he	ONLINE-Y	371	False	chrf-all	60.423616907031274
en-he	ONLINE-Y	371	False	bleu-refA	37.18865602508066
en-he	ONLINE-Y	371	False	chrf-refA	60.423616907031274
en-he	ZengHuiMT	212	False	bleu-all	36.49435167335707
en-he	ZengHuiMT	212	False	chrf-all	62.12761286587277
en-he	ZengHuiMT	212	False	bleu-refA	36.49435167335707
en-he	ZengHuiMT	212	False	chrf-refA	62.12761286587277
en-he	Samsung_Research_Philippines	8	True	bleu-all	33.29510568590687
en-he	Samsung_Research_Philippines	8	True	chrf-all	57.2550225942812
en-he	Samsung_Research_Philippines	8	True	bleu-refA	33.29510568590687
en-he	Samsung_Research_Philippines	8	True	chrf-refA	57.2550225942812
en-he	GPT4-5shot	385	False	bleu-all	27.034814095774006
en-he	GPT4-5shot	385	False	chrf-all	53.97375851518409
en-he	GPT4-5shot	385	False	bleu-refA	27.034814095774006
en-he	GPT4-5shot	385	False	chrf-refA	53.97375851518409
en-he	NLLB_Greedy	314	False	bleu-all	30.31885805713189
en-he	NLLB_Greedy	314	False	chrf-all	54.820746154632296
en-he	NLLB_Greedy	314	False	bleu-refA	30.31885805713189
en-he	NLLB_Greedy	314	False	chrf-refA	54.820746154632296
en-he	UvA-LTL	166	True	bleu-all	34.97885482369854
en-he	UvA-LTL	166	True	chrf-all	59.008972162664385
en-he	UvA-LTL	166	True	bleu-refA	34.97885482369854
en-he	UvA-LTL	166	True	chrf-refA	59.008972162664385
en-he	ONLINE-G	357	False	bleu-all	33.172351541183076
en-he	ONLINE-G	357	False	chrf-all	58.13333061009638
en-he	ONLINE-G	357	False	bleu-refA	33.172351541183076
en-he	ONLINE-G	357	False	chrf-refA	58.13333061009638
en-he	ONLINE-B	343	False	bleu-all	47.78443330471411
en-he	ONLINE-B	343	False	chrf-all	66.44149720857448
en-he	ONLINE-B	343	False	bleu-refA	47.78443330471411
en-he	ONLINE-B	343	False	chrf-refA	66.44149720857448
en-he	Lan-BridgeMT	183	False	bleu-all	30.457773494215406
en-he	Lan-BridgeMT	183	False	chrf-all	54.86174949145898
en-he	Lan-BridgeMT	183	False	bleu-refA	30.457773494215406
en-he	Lan-BridgeMT	183	False	chrf-refA	54.86174949145898
en-he	NLLB_MBR_BLEU	300	False	bleu-all	30.754116576099058
en-he	NLLB_MBR_BLEU	300	False	chrf-all	54.33093165044731
en-he	NLLB_MBR_BLEU	300	False	bleu-refA	30.754116576099058
en-he	NLLB_MBR_BLEU	300	False	chrf-refA	54.33093165044731
en-he	ONLINE-A	329	False	bleu-all	38.884952536461135
en-he	ONLINE-A	329	False	chrf-all	61.68437037192505
en-he	ONLINE-A	329	False	bleu-refA	38.884952536461135
en-he	ONLINE-A	329	False	chrf-refA	61.68437037192505
en-he	GTCOM_Peter	239	False	bleu-all	37.23172385443501
en-he	GTCOM_Peter	239	False	chrf-all	61.05773096374841
en-he	GTCOM_Peter	239	False	bleu-refA	37.23172385443501
en-he	GTCOM_Peter	239	False	chrf-refA	61.05773096374841
en-ja	ONLINE-Y	372	False	bleu-all	39.39072493360205
en-ja	ONLINE-Y	372	False	chrf-all	34.06420030711418
en-ja	ONLINE-Y	372	False	bleu-refA	39.39072493360205
en-ja	ONLINE-Y	372	False	chrf-refA	34.06420030711418
en-ja	ZengHuiMT	253	False	bleu-all	36.60373996974413
en-ja	ZengHuiMT	253	False	chrf-all	32.884744434311365
en-ja	ZengHuiMT	253	False	bleu-refA	36.60373996974413
en-ja	ZengHuiMT	253	False	chrf-refA	32.884744434311365
en-ja	AIRC	246	True	bleu-all	31.6753039313758
en-ja	AIRC	246	True	chrf-all	27.632990835831674
en-ja	AIRC	246	True	bleu-refA	31.6753039313758
en-ja	AIRC	246	True	chrf-refA	27.632990835831674
en-ja	ONLINE-W	399	False	bleu-all	37.9379298970227
en-ja	ONLINE-W	399	False	chrf-all	33.52396876752896
en-ja	ONLINE-W	399	False	bleu-refA	37.9379298970227
en-ja	ONLINE-W	399	False	chrf-refA	33.52396876752896
en-ja	GPT4-5shot	386	False	bleu-all	34.59781586536987
en-ja	GPT4-5shot	386	False	chrf-all	31.048478285729324
en-ja	GPT4-5shot	386	False	bleu-refA	34.59781586536987
en-ja	GPT4-5shot	386	False	chrf-refA	31.048478285729324
en-ja	NAIST-NICT	268	True	bleu-all	37.179139350706805
en-ja	NAIST-NICT	268	True	chrf-all	31.96262869788172
en-ja	NAIST-NICT	268	True	bleu-refA	37.179139350706805
en-ja	NAIST-NICT	268	True	chrf-refA	31.96262869788172
en-ja	NLLB_Greedy	315	False	bleu-all	23.18205622738642
en-ja	NLLB_Greedy	315	False	chrf-all	20.89501043519374
en-ja	NLLB_Greedy	315	False	bleu-refA	23.18205622738642
en-ja	NLLB_Greedy	315	False	chrf-refA	20.89501043519374
en-ja	ONLINE-G	358	False	bleu-all	31.075769962165417
en-ja	ONLINE-G	358	False	chrf-all	27.317297788211132
en-ja	ONLINE-G	358	False	bleu-refA	31.075769962165417
en-ja	ONLINE-G	358	False	chrf-refA	27.317297788211132
en-ja	ONLINE-M	409	False	bleu-all	34.27979029050472
en-ja	ONLINE-M	409	False	chrf-all	29.649535124908077
en-ja	ONLINE-M	409	False	bleu-refA	34.27979029050472
en-ja	ONLINE-M	409	False	chrf-refA	29.649535124908077
en-ja	ONLINE-B	344	False	bleu-all	40.23050752007552
en-ja	ONLINE-B	344	False	chrf-all	35.18374693140788
en-ja	ONLINE-B	344	False	bleu-refA	40.23050752007552
en-ja	ONLINE-B	344	False	chrf-refA	35.18374693140788
en-ja	Lan-BridgeMT	184	False	bleu-all	34.941747829291714
en-ja	Lan-BridgeMT	184	False	chrf-all	30.407212499342663
en-ja	Lan-BridgeMT	184	False	bleu-refA	34.941747829291714
en-ja	Lan-BridgeMT	184	False	chrf-refA	30.407212499342663
en-ja	NLLB_MBR_BLEU	301	False	bleu-all	19.573945377085987
en-ja	NLLB_MBR_BLEU	301	False	chrf-all	18.7144354978282
en-ja	NLLB_MBR_BLEU	301	False	bleu-refA	19.573945377085987
en-ja	NLLB_MBR_BLEU	301	False	chrf-refA	18.7144354978282
en-ja	KYB	228	False	bleu-all	31.54960180431043
en-ja	KYB	228	False	chrf-all	27.700137172165956
en-ja	KYB	228	False	bleu-refA	31.54960180431043
en-ja	KYB	228	False	chrf-refA	27.700137172165956
en-ja	ONLINE-A	330	False	bleu-all	36.09981799276652
en-ja	ONLINE-A	330	False	chrf-all	31.36658761439135
en-ja	ONLINE-A	330	False	bleu-refA	36.09981799276652
en-ja	ONLINE-A	330	False	chrf-refA	31.36658761439135
en-ja	SKIM	169	True	bleu-all	38.611956568975735
en-ja	SKIM	169	True	chrf-all	33.450817041150735
en-ja	SKIM	169	True	bleu-refA	38.611956568975735
en-ja	SKIM	169	True	chrf-refA	33.450817041150735
en-ja	ANVITA	218	True	bleu-all	33.42137224553047
en-ja	ANVITA	218	True	chrf-all	29.329026631436523
en-ja	ANVITA	218	True	bleu-refA	33.42137224553047
en-ja	ANVITA	218	True	chrf-refA	29.329026631436523
en-ru	ONLINE-Y	373	False	bleu-all	31.999975348013194
en-ru	ONLINE-Y	373	False	chrf-all	56.37887271416147
en-ru	ONLINE-Y	373	False	bleu-refA	31.999975348013194
en-ru	ONLINE-Y	373	False	chrf-refA	56.37887271416147
en-ru	ZengHuiMT	278	False	bleu-all	31.56027987402665
en-ru	ZengHuiMT	278	False	chrf-all	58.75839255886201
en-ru	ZengHuiMT	278	False	bleu-refA	31.56027987402665
en-ru	ZengHuiMT	278	False	chrf-refA	58.75839255886201
en-ru	PROMT	87	False	bleu-all	30.46704163447027
en-ru	PROMT	87	False	chrf-all	55.387060175843686
en-ru	PROMT	87	False	bleu-refA	30.46704163447027
en-ru	PROMT	87	False	chrf-refA	55.387060175843686
en-ru	ONLINE-W	400	False	bleu-all	31.386324825516756
en-ru	ONLINE-W	400	False	chrf-all	56.55668670708458
en-ru	ONLINE-W	400	False	bleu-refA	31.386324825516756
en-ru	ONLINE-W	400	False	chrf-refA	56.55668670708458
en-ru	GPT4-5shot	387	False	bleu-all	30.62375661346933
en-ru	GPT4-5shot	387	False	chrf-all	56.20783753450353
en-ru	GPT4-5shot	387	False	bleu-refA	30.62375661346933
en-ru	GPT4-5shot	387	False	chrf-refA	56.20783753450353
en-ru	NLLB_Greedy	316	False	bleu-all	28.187616067679944
en-ru	NLLB_Greedy	316	False	chrf-all	53.2515779880525
en-ru	NLLB_Greedy	316	False	bleu-refA	28.187616067679944
en-ru	NLLB_Greedy	316	False	chrf-refA	53.2515779880525
en-ru	ONLINE-G	359	False	bleu-all	32.90170749147118
en-ru	ONLINE-G	359	False	chrf-all	58.87871114874389
en-ru	ONLINE-G	359	False	bleu-refA	32.90170749147118
en-ru	ONLINE-G	359	False	chrf-refA	58.87871114874389
en-ru	ONLINE-M	410	False	bleu-all	30.85220058655245
en-ru	ONLINE-M	410	False	chrf-all	55.11461466241945
en-ru	ONLINE-M	410	False	bleu-refA	30.85220058655245
en-ru	ONLINE-M	410	False	chrf-refA	55.11461466241945
en-ru	ONLINE-B	345	False	bleu-all	40.35781097930519
en-ru	ONLINE-B	345	False	chrf-all	61.91048148116454
en-ru	ONLINE-B	345	False	bleu-refA	40.35781097930519
en-ru	ONLINE-B	345	False	chrf-refA	61.91048148116454
en-ru	Lan-BridgeMT	173	False	bleu-all	30.722046835721812
en-ru	Lan-BridgeMT	173	False	chrf-all	55.691331316908
en-ru	Lan-BridgeMT	173	False	bleu-refA	30.722046835721812
en-ru	Lan-BridgeMT	173	False	chrf-refA	55.691331316908
en-ru	NLLB_MBR_BLEU	302	False	bleu-all	28.355390691452975
en-ru	NLLB_MBR_BLEU	302	False	chrf-all	53.066964030419165
en-ru	NLLB_MBR_BLEU	302	False	bleu-refA	28.355390691452975
en-ru	NLLB_MBR_BLEU	302	False	chrf-refA	53.066964030419165
en-ru	ONLINE-A	331	False	bleu-all	34.80602685345743
en-ru	ONLINE-A	331	False	chrf-all	58.98904469750643
en-ru	ONLINE-A	331	False	bleu-refA	34.80602685345743
en-ru	ONLINE-A	331	False	chrf-refA	58.98904469750643
en-uk	ONLINE-Y	370	False	bleu-all	29.523389242415433
en-uk	ONLINE-Y	370	False	chrf-all	55.394687419414964
en-uk	ONLINE-Y	370	False	bleu-refA	29.523389242415433
en-uk	ONLINE-Y	370	False	chrf-refA	55.394687419414964
en-uk	ZengHuiMT	105	False	bleu-all	27.760571632114672
en-uk	ZengHuiMT	105	False	chrf-all	56.36466220795428
en-uk	ZengHuiMT	105	False	bleu-refA	27.760571632114672
en-uk	ZengHuiMT	105	False	chrf-refA	56.36466220795428
en-uk	ONLINE-W	398	False	bleu-all	34.87551641355128
en-uk	ONLINE-W	398	False	chrf-all	59.163639553114756
en-uk	ONLINE-W	398	False	bleu-refA	34.87551641355128
en-uk	ONLINE-W	398	False	chrf-refA	59.163639553114756
en-uk	GPT4-5shot	384	False	bleu-all	25.204715417620204
en-uk	GPT4-5shot	384	False	chrf-all	52.97529242631654
en-uk	GPT4-5shot	384	False	bleu-refA	25.204715417620204
en-uk	GPT4-5shot	384	False	chrf-refA	52.97529242631654
en-uk	NLLB_Greedy	313	False	bleu-all	24.522671926779818
en-uk	NLLB_Greedy	313	False	chrf-all	50.76357965049175
en-uk	NLLB_Greedy	313	False	bleu-refA	24.522671926779818
en-uk	NLLB_Greedy	313	False	chrf-refA	50.76357965049175
en-uk	ONLINE-G	356	False	bleu-all	28.602370692032242
en-uk	ONLINE-G	356	False	chrf-all	56.139750602395424
en-uk	ONLINE-G	356	False	bleu-refA	28.602370692032242
en-uk	ONLINE-G	356	False	chrf-refA	56.139750602395424
en-uk	ONLINE-B	342	False	bleu-all	39.78913057055364
en-uk	ONLINE-B	342	False	chrf-all	61.74541966929837
en-uk	ONLINE-B	342	False	bleu-refA	39.78913057055364
en-uk	ONLINE-B	342	False	chrf-refA	61.74541966929837
en-uk	Lan-BridgeMT	182	False	bleu-all	24.620470104143145
en-uk	Lan-BridgeMT	182	False	chrf-all	51.915331596039614
en-uk	Lan-BridgeMT	182	False	bleu-refA	24.620470104143145
en-uk	Lan-BridgeMT	182	False	chrf-refA	51.915331596039614
en-uk	NLLB_MBR_BLEU	299	False	bleu-all	24.851082675607167
en-uk	NLLB_MBR_BLEU	299	False	chrf-all	50.53569010294321
en-uk	NLLB_MBR_BLEU	299	False	bleu-refA	24.851082675607167
en-uk	NLLB_MBR_BLEU	299	False	chrf-refA	50.53569010294321
en-uk	ONLINE-A	328	False	bleu-all	30.321646969213425
en-uk	ONLINE-A	328	False	chrf-all	55.84094716681117
en-uk	ONLINE-A	328	False	bleu-refA	30.321646969213425
en-uk	ONLINE-A	328	False	chrf-refA	55.84094716681117
en-uk	GTCOM_Peter	258	False	bleu-all	27.540517810559084
en-uk	GTCOM_Peter	258	False	chrf-all	54.43894898613685
en-uk	GTCOM_Peter	258	False	bleu-refA	27.540517810559084
en-uk	GTCOM_Peter	258	False	chrf-refA	54.43894898613685
en-zh	ONLINE-Y	374	False	bleu-all	54.177323532655414
en-zh	ONLINE-Y	374	False	chrf-all	49.80734723709316
en-zh	ONLINE-Y	374	False	bleu-refA	54.177323532655414
en-zh	ONLINE-Y	374	False	chrf-refA	49.80734723709316
en-zh	HW-TSC	242	True	bleu-all	58.57847789112131
en-zh	HW-TSC	242	True	chrf-all	53.78036432157221
en-zh	HW-TSC	242	True	bleu-refA	58.57847789112131
en-zh	HW-TSC	242	True	chrf-refA	53.78036432157221
en-zh	ZengHuiMT	33	False	bleu-all	52.92471331995532
en-zh	ZengHuiMT	33	False	chrf-all	46.95334716183398
en-zh	ZengHuiMT	33	False	bleu-refA	52.92471331995532
en-zh	ZengHuiMT	33	False	chrf-refA	46.95334716183398
en-zh	IOL_Research	179	True	bleu-all	56.875153074686786
en-zh	IOL_Research	179	True	chrf-all	51.902926978329255
en-zh	IOL_Research	179	True	bleu-refA	56.875153074686786
en-zh	IOL_Research	179	True	chrf-refA	51.902926978329255
en-zh	ONLINE-W	401	False	bleu-all	52.11701697209106
en-zh	ONLINE-W	401	False	chrf-all	47.335510875572744
en-zh	ONLINE-W	401	False	bleu-refA	52.11701697209106
en-zh	ONLINE-W	401	False	chrf-refA	47.335510875572744
en-zh	GPT4-5shot	388	False	bleu-all	49.5968578674495
en-zh	GPT4-5shot	388	False	chrf-all	46.50221258692098
en-zh	GPT4-5shot	388	False	bleu-refA	49.5968578674495
en-zh	GPT4-5shot	388	False	chrf-refA	46.50221258692098
en-zh	NLLB_Greedy	317	False	bleu-all	27.41383649817818
en-zh	NLLB_Greedy	317	False	chrf-all	26.26021054878282
en-zh	NLLB_Greedy	317	False	bleu-refA	27.41383649817818
en-zh	NLLB_Greedy	317	False	chrf-refA	26.26021054878282
en-zh	Yishu	190	False	bleu-all	57.59648933869789
en-zh	Yishu	190	False	chrf-all	53.04913153821103
en-zh	Yishu	190	False	bleu-refA	57.59648933869789
en-zh	Yishu	190	False	chrf-refA	53.04913153821103
en-zh	ONLINE-G	360	False	bleu-all	54.131718739857774
en-zh	ONLINE-G	360	False	chrf-all	49.36352109955756
en-zh	ONLINE-G	360	False	bleu-refA	54.131718739857774
en-zh	ONLINE-G	360	False	chrf-refA	49.36352109955756
en-zh	ONLINE-M	411	False	bleu-all	54.9464235195009
en-zh	ONLINE-M	411	False	chrf-all	50.60929574385028
en-zh	ONLINE-M	411	False	bleu-refA	54.9464235195009
en-zh	ONLINE-M	411	False	chrf-refA	50.60929574385028
en-zh	ONLINE-B	346	False	bleu-all	57.514485306461204
en-zh	ONLINE-B	346	False	chrf-all	52.93268574953449
en-zh	ONLINE-B	346	False	bleu-refA	57.514485306461204
en-zh	ONLINE-B	346	False	chrf-refA	52.93268574953449
en-zh	Lan-BridgeMT	109	False	bleu-all	50.21600470897051
en-zh	Lan-BridgeMT	109	False	chrf-all	46.78250496303237
en-zh	Lan-BridgeMT	109	False	bleu-refA	50.21600470897051
en-zh	Lan-BridgeMT	109	False	chrf-refA	46.78250496303237
en-zh	NLLB_MBR_BLEU	303	False	bleu-all	19.143845207115078
en-zh	NLLB_MBR_BLEU	303	False	chrf-all	21.08315532209941
en-zh	NLLB_MBR_BLEU	303	False	bleu-refA	19.143845207115078
en-zh	NLLB_MBR_BLEU	303	False	chrf-refA	21.08315532209941
en-zh	ONLINE-A	332	False	bleu-all	58.50620881559594
en-zh	ONLINE-A	332	False	chrf-all	52.7504090020673
en-zh	ONLINE-A	332	False	bleu-refA	58.50620881559594
en-zh	ONLINE-A	332	False	chrf-refA	52.7504090020673
en-zh	ANVITA	224	True	bleu-all	38.88898744988494
en-zh	ANVITA	224	True	chrf-all	36.85496548532106
en-zh	ANVITA	224	True	bleu-refA	38.88898744988494
en-zh	ANVITA	224	True	chrf-refA	36.85496548532106
he-en	ONLINE-Y	375	False	bleu-all	49.81280608780428
he-en	ONLINE-Y	375	False	chrf-all	70.53526796842972
he-en	ONLINE-Y	375	False	bleu-refA	49.81280608780428
he-en	ONLINE-Y	375	False	chrf-refA	70.53526796842972
he-en	ZengHuiMT	106	False	bleu-all	56.554120981703036
he-en	ZengHuiMT	106	False	chrf-all	76.31234943325487
he-en	ZengHuiMT	106	False	bleu-refA	56.554120981703036
he-en	ZengHuiMT	106	False	chrf-refA	76.31234943325487
he-en	Samsung_Research_Philippines	9	True	bleu-all	34.04683393004087
he-en	Samsung_Research_Philippines	9	True	chrf-all	55.54359001122088
he-en	Samsung_Research_Philippines	9	True	bleu-refA	34.04683393004087
he-en	Samsung_Research_Philippines	9	True	chrf-refA	55.54359001122088
he-en	GPT4-5shot	389	False	bleu-all	51.15934307300483
he-en	GPT4-5shot	389	False	chrf-all	71.40521610242048
he-en	GPT4-5shot	389	False	bleu-refA	51.15934307300483
he-en	GPT4-5shot	389	False	chrf-refA	71.40521610242048
he-en	NLLB_Greedy	318	False	bleu-all	42.52612895035636
he-en	NLLB_Greedy	318	False	chrf-all	64.38118085196615
he-en	NLLB_Greedy	318	False	bleu-refA	42.52612895035636
he-en	NLLB_Greedy	318	False	chrf-refA	64.38118085196615
he-en	UvA-LTL	102	True	bleu-all	51.04612085178909
he-en	UvA-LTL	102	True	chrf-all	70.86678051524446
he-en	UvA-LTL	102	True	bleu-refA	51.04612085178909
he-en	UvA-LTL	102	True	chrf-refA	70.86678051524446
he-en	ONLINE-G	361	False	bleu-all	49.276397088118685
he-en	ONLINE-G	361	False	chrf-all	69.76703963231073
he-en	ONLINE-G	361	False	bleu-refA	49.276397088118685
he-en	ONLINE-G	361	False	chrf-refA	69.76703963231073
he-en	ONLINE-B	347	False	bleu-all	76.4992420134453
he-en	ONLINE-B	347	False	chrf-all	87.53314533140126
he-en	ONLINE-B	347	False	bleu-refA	76.4992420134453
he-en	ONLINE-B	347	False	chrf-refA	87.53314533140126
he-en	Lan-BridgeMT	185	False	bleu-all	41.36825343206086
he-en	Lan-BridgeMT	185	False	chrf-all	63.47672604306682
he-en	Lan-BridgeMT	185	False	bleu-refA	41.36825343206086
he-en	Lan-BridgeMT	185	False	chrf-refA	63.47672604306682
he-en	NLLB_MBR_BLEU	304	False	bleu-all	40.72012806923664
he-en	NLLB_MBR_BLEU	304	False	chrf-all	62.968902406243146
he-en	NLLB_MBR_BLEU	304	False	bleu-refA	40.72012806923664
he-en	NLLB_MBR_BLEU	304	False	chrf-refA	62.968902406243146
he-en	ONLINE-A	333	False	bleu-all	53.86159421081311
he-en	ONLINE-A	333	False	chrf-all	73.30219930761433
he-en	ONLINE-A	333	False	bleu-refA	53.86159421081311
he-en	ONLINE-A	333	False	chrf-refA	73.30219930761433
he-en	GTCOM_Peter	220	False	bleu-all	59.24252007079248
he-en	GTCOM_Peter	220	False	chrf-all	76.22229014052228
he-en	GTCOM_Peter	220	False	bleu-refA	59.24252007079248
he-en	GTCOM_Peter	220	False	chrf-refA	76.22229014052228
ja-en	ONLINE-Y	376	False	bleu-all	22.31926190885571
ja-en	ONLINE-Y	376	False	chrf-all	49.507740950152204
ja-en	ONLINE-Y	376	False	bleu-refA	22.31926190885571
ja-en	ONLINE-Y	376	False	chrf-refA	49.507740950152204
ja-en	ZengHuiMT	74	False	bleu-all	22.56133769356423
ja-en	ZengHuiMT	74	False	chrf-all	49.48039311420655
ja-en	ZengHuiMT	74	False	bleu-refA	22.56133769356423
ja-en	ZengHuiMT	74	False	chrf-refA	49.48039311420655
ja-en	AIRC	247	True	bleu-all	14.886299046272427
ja-en	AIRC	247	True	chrf-all	40.480182502276165
ja-en	AIRC	247	True	bleu-refA	14.886299046272427
ja-en	AIRC	247	True	chrf-refA	40.480182502276165
ja-en	ONLINE-W	402	False	bleu-all	25.94270048935439
ja-en	ONLINE-W	402	False	chrf-all	51.42933304998096
ja-en	ONLINE-W	402	False	bleu-refA	25.94270048935439
ja-en	ONLINE-W	402	False	chrf-refA	51.42933304998096
ja-en	GPT4-5shot	390	False	bleu-all	24.062574119206687
ja-en	GPT4-5shot	390	False	chrf-all	51.22583202977914
ja-en	GPT4-5shot	390	False	bleu-refA	24.062574119206687
ja-en	GPT4-5shot	390	False	chrf-refA	51.22583202977914
ja-en	NAIST-NICT	266	True	bleu-all	22.99068446546016
ja-en	NAIST-NICT	266	True	chrf-all	49.45933271707238
ja-en	NAIST-NICT	266	True	bleu-refA	22.99068446546016
ja-en	NAIST-NICT	266	True	chrf-refA	49.45933271707238
ja-en	NLLB_Greedy	319	False	bleu-all	14.219032135992922
ja-en	NLLB_Greedy	319	False	chrf-all	38.95112877817814
ja-en	NLLB_Greedy	319	False	bleu-refA	14.219032135992922
ja-en	NLLB_Greedy	319	False	chrf-refA	38.95112877817814
ja-en	ONLINE-G	362	False	bleu-all	18.315537847326333
ja-en	ONLINE-G	362	False	chrf-all	45.479301215766455
ja-en	ONLINE-G	362	False	bleu-refA	18.315537847326333
ja-en	ONLINE-G	362	False	chrf-refA	45.479301215766455
ja-en	ONLINE-M	412	False	bleu-all	17.155520471264744
ja-en	ONLINE-M	412	False	chrf-all	43.910549456118986
ja-en	ONLINE-M	412	False	bleu-refA	17.155520471264744
ja-en	ONLINE-M	412	False	chrf-refA	43.910549456118986
ja-en	ONLINE-B	348	False	bleu-all	23.852173407039206
ja-en	ONLINE-B	348	False	chrf-all	49.3353386913801
ja-en	ONLINE-B	348	False	bleu-refA	23.852173407039206
ja-en	ONLINE-B	348	False	chrf-refA	49.3353386913801
ja-en	Lan-BridgeMT	186	False	bleu-all	20.22634804260575
ja-en	Lan-BridgeMT	186	False	chrf-all	47.26247277341874
ja-en	Lan-BridgeMT	186	False	bleu-refA	20.22634804260575
ja-en	Lan-BridgeMT	186	False	chrf-refA	47.26247277341874
ja-en	NLLB_MBR_BLEU	305	False	bleu-all	14.650816175683136
ja-en	NLLB_MBR_BLEU	305	False	chrf-all	39.17262644568301
ja-en	NLLB_MBR_BLEU	305	False	bleu-refA	14.650816175683136
ja-en	NLLB_MBR_BLEU	305	False	chrf-refA	39.17262644568301
ja-en	KYB	226	False	bleu-all	17.63409513362143
ja-en	KYB	226	False	chrf-all	43.87531398159457
ja-en	KYB	226	False	bleu-refA	17.63409513362143
ja-en	KYB	226	False	chrf-refA	43.87531398159457
ja-en	ONLINE-A	334	False	bleu-all	22.978778547143285
ja-en	ONLINE-A	334	False	chrf-all	49.64012381165193
ja-en	ONLINE-A	334	False	bleu-refA	22.978778547143285
ja-en	ONLINE-A	334	False	chrf-refA	49.64012381165193
ja-en	SKIM	294	True	bleu-all	24.835816311456483
ja-en	SKIM	294	True	chrf-all	51.07050945841258
ja-en	SKIM	294	True	bleu-refA	24.835816311456483
ja-en	SKIM	294	True	chrf-refA	51.07050945841258
ja-en	GTCOM_Peter	149	False	bleu-all	22.273318570674764
ja-en	GTCOM_Peter	149	False	chrf-all	48.70897950619227
ja-en	GTCOM_Peter	149	False	bleu-refA	22.273318570674764
ja-en	GTCOM_Peter	149	False	chrf-refA	48.70897950619227
ja-en	ANVITA	164	True	bleu-all	20.855602772510792
ja-en	ANVITA	164	True	chrf-all	46.72905127559122
ja-en	ANVITA	164	True	bleu-refA	20.855602772510792
ja-en	ANVITA	164	True	chrf-refA	46.72905127559122
ru-en	ONLINE-Y	377	False	bleu-all	33.23519856909405
ru-en	ONLINE-Y	377	False	chrf-all	58.64311094923191
ru-en	ONLINE-Y	377	False	bleu-refA	33.23519856909405
ru-en	ONLINE-Y	377	False	chrf-refA	58.64311094923191
ru-en	ZengHuiMT	91	False	bleu-all	31.268859589605277
ru-en	ZengHuiMT	91	False	chrf-all	58.90687942683384
ru-en	ZengHuiMT	91	False	bleu-refA	31.268859589605277
ru-en	ZengHuiMT	91	False	chrf-refA	58.90687942683384
ru-en	PROMT	86	False	bleu-all	32.830549327798444
ru-en	PROMT	86	False	chrf-all	58.427144038578994
ru-en	PROMT	86	False	bleu-refA	32.830549327798444
ru-en	PROMT	86	False	chrf-refA	58.427144038578994
ru-en	ONLINE-W	403	False	bleu-all	33.1390572461998
ru-en	ONLINE-W	403	False	chrf-all	58.25733456016816
ru-en	ONLINE-W	403	False	bleu-refA	33.1390572461998
ru-en	ONLINE-W	403	False	chrf-refA	58.25733456016816
ru-en	GPT4-5shot	391	False	bleu-all	34.37370114347638
ru-en	GPT4-5shot	391	False	chrf-all	60.377379827778554
ru-en	GPT4-5shot	391	False	bleu-refA	34.37370114347638
ru-en	GPT4-5shot	391	False	chrf-refA	60.377379827778554
ru-en	NLLB_Greedy	320	False	bleu-all	30.29475265516876
ru-en	NLLB_Greedy	320	False	chrf-all	55.515944623572075
ru-en	NLLB_Greedy	320	False	bleu-refA	30.29475265516876
ru-en	NLLB_Greedy	320	False	chrf-refA	55.515944623572075
ru-en	ONLINE-G	363	False	bleu-all	34.00930893856281
ru-en	ONLINE-G	363	False	chrf-all	59.61049635572305
ru-en	ONLINE-G	363	False	bleu-refA	34.00930893856281
ru-en	ONLINE-G	363	False	chrf-refA	59.61049635572305
ru-en	ONLINE-M	413	False	bleu-all	30.724038218726
ru-en	ONLINE-M	413	False	chrf-all	56.69988350521433
ru-en	ONLINE-M	413	False	bleu-refA	30.724038218726
ru-en	ONLINE-M	413	False	chrf-refA	56.69988350521433
ru-en	ONLINE-B	349	False	bleu-all	34.540412525826916
ru-en	ONLINE-B	349	False	chrf-all	59.36961078736076
ru-en	ONLINE-B	349	False	bleu-refA	34.540412525826916
ru-en	ONLINE-B	349	False	chrf-refA	59.36961078736076
ru-en	Lan-BridgeMT	174	False	bleu-all	31.77394108045999
ru-en	Lan-BridgeMT	174	False	chrf-all	57.40192042781087
ru-en	Lan-BridgeMT	174	False	bleu-refA	31.77394108045999
ru-en	Lan-BridgeMT	174	False	chrf-refA	57.40192042781087
ru-en	NLLB_MBR_BLEU	306	False	bleu-all	30.97178734580335
ru-en	NLLB_MBR_BLEU	306	False	chrf-all	55.76212655553532
ru-en	NLLB_MBR_BLEU	306	False	bleu-refA	30.97178734580335
ru-en	NLLB_MBR_BLEU	306	False	chrf-refA	55.76212655553532
ru-en	ONLINE-A	335	False	bleu-all	33.82860641785021
ru-en	ONLINE-A	335	False	chrf-all	59.39323057228678
ru-en	ONLINE-A	335	False	bleu-refA	33.82860641785021
ru-en	ONLINE-A	335	False	chrf-refA	59.39323057228678
uk-en	ONLINE-Y	368	False	bleu-all	45.66169695723546
uk-en	ONLINE-Y	368	False	chrf-all	68.17463234762319
uk-en	ONLINE-Y	368	False	bleu-refA	45.66169695723546
uk-en	ONLINE-Y	368	False	chrf-refA	68.17463234762319
uk-en	ZengHuiMT	114	False	bleu-all	43.45291137780328
uk-en	ZengHuiMT	114	False	chrf-all	68.5128913928066
uk-en	ZengHuiMT	114	False	bleu-refA	43.45291137780328
uk-en	ZengHuiMT	114	False	chrf-refA	68.5128913928066
uk-en	ONLINE-W	396	False	bleu-all	47.37291147259806
uk-en	ONLINE-W	396	False	chrf-all	69.16835455338946
uk-en	ONLINE-W	396	False	bleu-refA	47.37291147259806
uk-en	ONLINE-W	396	False	chrf-refA	69.16835455338946
uk-en	GPT4-5shot	382	False	bleu-all	43.87174146020397
uk-en	GPT4-5shot	382	False	chrf-all	68.05664524848842
uk-en	GPT4-5shot	382	False	bleu-refA	43.87174146020397
uk-en	GPT4-5shot	382	False	chrf-refA	68.05664524848842
uk-en	NLLB_Greedy	311	False	bleu-all	37.79695455251757
uk-en	NLLB_Greedy	311	False	chrf-all	62.41696199857951
uk-en	NLLB_Greedy	311	False	bleu-refA	37.79695455251757
uk-en	NLLB_Greedy	311	False	chrf-refA	62.41696199857951
uk-en	ONLINE-G	354	False	bleu-all	44.92418926594871
uk-en	ONLINE-G	354	False	chrf-all	68.01760321899076
uk-en	ONLINE-G	354	False	bleu-refA	44.92418926594871
uk-en	ONLINE-G	354	False	chrf-refA	68.01760321899076
uk-en	ONLINE-B	340	False	bleu-all	45.96421510837614
uk-en	ONLINE-B	340	False	chrf-all	68.99108509648124
uk-en	ONLINE-B	340	False	bleu-refA	45.96421510837614
uk-en	ONLINE-B	340	False	chrf-refA	68.99108509648124
uk-en	Lan-BridgeMT	180	False	bleu-all	42.30842054896032
uk-en	Lan-BridgeMT	180	False	chrf-all	66.18805076070711
uk-en	Lan-BridgeMT	180	False	bleu-refA	42.30842054896032
uk-en	Lan-BridgeMT	180	False	chrf-refA	66.18805076070711
uk-en	NLLB_MBR_BLEU	297	False	bleu-all	38.13108292978963
uk-en	NLLB_MBR_BLEU	297	False	chrf-all	62.437008043514666
uk-en	NLLB_MBR_BLEU	297	False	bleu-refA	38.13108292978963
uk-en	NLLB_MBR_BLEU	297	False	chrf-refA	62.437008043514666
uk-en	ONLINE-A	326	False	bleu-all	45.90704491908026
uk-en	ONLINE-A	326	False	chrf-all	68.3397084634877
uk-en	ONLINE-A	326	False	bleu-refA	45.90704491908026
uk-en	ONLINE-A	326	False	chrf-refA	68.3397084634877
uk-en	GTCOM_Peter	256	False	bleu-all	46.43829857393046
uk-en	GTCOM_Peter	256	False	chrf-all	69.27047998581352
uk-en	GTCOM_Peter	256	False	bleu-refA	46.43829857393046
uk-en	GTCOM_Peter	256	False	chrf-refA	69.27047998581352
zh-en	ONLINE-Y	378	False	bleu-all	24.97201504967508
zh-en	ONLINE-Y	378	False	chrf-all	52.304528976293405
zh-en	ONLINE-Y	378	False	bleu-refA	24.97201504967508
zh-en	ONLINE-Y	378	False	chrf-refA	52.304528976293405
zh-en	HW-TSC	237	True	bleu-all	33.646667487349845
zh-en	HW-TSC	237	True	chrf-all	57.471511200218494
zh-en	HW-TSC	237	True	bleu-refA	33.646667487349845
zh-en	HW-TSC	237	True	chrf-refA	57.471511200218494
zh-en	ZengHuiMT	155	False	bleu-all	26.974751177750928
zh-en	ZengHuiMT	155	False	chrf-all	54.58836908491163
zh-en	ZengHuiMT	155	False	bleu-refA	26.974751177750928
zh-en	ZengHuiMT	155	False	chrf-refA	54.58836908491163
zh-en	IOL_Research	189	True	bleu-all	27.197841906773448
zh-en	IOL_Research	189	True	chrf-all	52.3998248404048
zh-en	IOL_Research	189	True	bleu-refA	27.197841906773448
zh-en	IOL_Research	189	True	chrf-refA	52.3998248404048
zh-en	ONLINE-W	404	False	bleu-all	26.37621803375653
zh-en	ONLINE-W	404	False	chrf-all	52.508012142460935
zh-en	ONLINE-W	404	False	bleu-refA	26.37621803375653
zh-en	ONLINE-W	404	False	chrf-refA	52.508012142460935
zh-en	GPT4-5shot	392	False	bleu-all	26.761240160026357
zh-en	GPT4-5shot	392	False	chrf-all	53.13325383986711
zh-en	GPT4-5shot	392	False	bleu-refA	26.761240160026357
zh-en	GPT4-5shot	392	False	chrf-refA	53.13325383986711
zh-en	NLLB_Greedy	322	False	bleu-all	20.48595538496908
zh-en	NLLB_Greedy	322	False	chrf-all	46.099501038876056
zh-en	NLLB_Greedy	322	False	bleu-refA	20.48595538496908
zh-en	NLLB_Greedy	322	False	chrf-refA	46.099501038876056
zh-en	Yishu	178	False	bleu-all	33.44901540065554
zh-en	Yishu	178	False	chrf-all	57.41286167417964
zh-en	Yishu	178	False	bleu-refA	33.44901540065554
zh-en	Yishu	178	False	chrf-refA	57.41286167417964
zh-en	ONLINE-G	364	False	bleu-all	26.582028178789052
zh-en	ONLINE-G	364	False	chrf-all	53.89499525534038
zh-en	ONLINE-G	364	False	bleu-refA	26.582028178789052
zh-en	ONLINE-G	364	False	chrf-refA	53.89499525534038
zh-en	ONLINE-M	414	False	bleu-all	23.544836662971935
zh-en	ONLINE-M	414	False	chrf-all	49.72209400047806
zh-en	ONLINE-M	414	False	bleu-refA	23.544836662971935
zh-en	ONLINE-M	414	False	chrf-refA	49.72209400047806
zh-en	ONLINE-B	350	False	bleu-all	33.54021318816901
zh-en	ONLINE-B	350	False	chrf-all	57.453103963534765
zh-en	ONLINE-B	350	False	bleu-refA	33.54021318816901
zh-en	ONLINE-B	350	False	chrf-refA	57.453103963534765
zh-en	Lan-BridgeMT	108	False	bleu-all	27.28197880043087
zh-en	Lan-BridgeMT	108	False	chrf-all	53.07752516190259
zh-en	Lan-BridgeMT	108	False	bleu-refA	27.28197880043087
zh-en	Lan-BridgeMT	108	False	chrf-refA	53.07752516190259
zh-en	NLLB_MBR_BLEU	307	False	bleu-all	19.784277726673775
zh-en	NLLB_MBR_BLEU	307	False	chrf-all	45.845277523236575
zh-en	NLLB_MBR_BLEU	307	False	bleu-refA	19.784277726673775
zh-en	NLLB_MBR_BLEU	307	False	chrf-refA	45.845277523236575
zh-en	ONLINE-A	336	False	bleu-all	28.28809104003381
zh-en	ONLINE-A	336	False	chrf-all	53.44013241308827
zh-en	ONLINE-A	336	False	bleu-refA	28.28809104003381
zh-en	ONLINE-A	336	False	chrf-refA	53.44013241308827
zh-en	ANVITA	209	True	bleu-all	21.82752996891885
zh-en	ANVITA	209	True	chrf-all	47.072252899582054
zh-en	ANVITA	209	True	bleu-refA	21.82752996891885
zh-en	ANVITA	209	True	chrf-refA	47.072252899582054
